Workbook

Sheet Summary
B1: Concentrated Tech Portfolio vs. S&P 500
B2: Risk-adjusted performance | Jan 2022 – Jul 2026 (~4.5 yrs of daily data)
B4: Assumptions
B5: Risk-free rate | C5: 0.02
B6: Trading days / year | C6: 252
B7: Start date | C7: 44564
B8: End date | C8: 46209
B11: Metric | C11: Tech Portfolio | D11: S&P 500 | E11: Takeaway
B12: Total Return | C12: ='Tech Portfolio'!$B$1130/'Tech Portfolio'!$B$2-1 -> 1.1137709 | D12: ='S&P 500'!$B$1130/'S&P 500'!$B$2-1 -> 0.67278616 | E12: Tech grew far more in total
B13: Annualized Return (CAGR) | C13: =('Tech Portfolio'!$B$1130/'Tech Portfolio'!$B$2)^(1/(('Tech Portfolio'!$A$1130-'Tech Portfolio'!$A$2)/365.25))-1 -> 0.18079557 | D13: =('S&P 500'!$B$1130/'S&P 500'!$B$2)^(1/(('S&P 500'!$A$1130-'S&P 500'!$A$2)/365.25))-1 -> 0.12101629 | E13: Tech won on raw return
B14: Annualized Volatility | C14: =STDEV('Tech Portfolio'!$C$3:$C$1130)*SQRT($C$6) -> 0.24598627 | D14: =STDEV('S&P 500'!$C$3:$C$1130)*SQRT($C$6) -> 0.17614798 | E14: Tech swung much harder
B15: Sharpe Ratio (rf 2%) | C15: =(C13-$C$5)/C14 -> 0.653677 | D15: =(D13-$C$5)/D14 -> 0.57347403 | E15: Tech edged it risk-adjusted
B16: Max Drawdown | C16: =MIN('Tech Portfolio'!$E$2:$E$1130) -> -0.36211083 | D16: =MIN('S&P 500'!$E$2:$E$1130) -> -0.24496401 | E16: Tech's worst fall was deeper
B17: Final value of $100 | C17: =100*(1+C12) -> 211.37709 | D17: =100*(1+D12) -> 167.27862
B19: The verdict
B20: "Just buy the S&P" isn't really about higher returns — here the concentrated tech basket actually returned MORE (18% vs 12% CAGR) and was even slightly better risk-adjusted (Sharpe 0.65 vs 0.57). The real case for the index is the ride: ~40% lower volatility, a drawdown half as deep (–24% vs –36%), and zero research effort. For an investor who can't stomach watching a third of their money evaporate, the S&P delivers most of the reward with far less pain. Caveat: these 10 names were picked knowing they'd done well — hindsight bias inflates the tech result. A fair test would choose names without knowing the outcome.
B26: Method & data
B27: • 9 large-cap names (NVDA, AMZN, MSFT, GOOGL, TSLA, AAPL, TSM, MU, HOOD) vs the S&P 500 — see Holdings tab. Daily closes, 2022–2026.
B28: • SQL structured the raw prices: LAG() for daily returns, a running MAX() for the drawdown series.
B29: • CAGR from first/last value; volatility = daily-return stdev × √252; Sharpe vs 2% risk-free; max drawdown = deepest peak-to-trough.
B30: • Both series indexed to $100 at the start so the growth chart is a like-for-like comparison.
B31: • Data are from Python Library, yfinance

Sheet Charts
A1: Visual Comparison — Tech Portfolio vs S&P 500

Sheet Holdings
B1: Portfolio Holdings
B2: Concentrated basket of 9 large-cap names, benchmarked against SPY (S&P 500 ETF).
B4: Ticker | C4: Company | D4: Shares | E4: Role
B5: NVDA | C5: NVIDIA Corp. | D5: 50 | E5: Holding
B6: AMZN | C6: Amazon.com Inc. | D6: 30 | E6: Holding
B7: MSFT | C7: Microsoft Corp. | D7: 40 | E7: Holding
B8: GOOGL | C8: Alphabet Inc. (Google) | D8: 35 | E8: Holding
B9: TSLA | C9: Tesla Inc. | D9: 45 | E9: Holding
B10: AAPL | C10: Apple Inc. | D10: 60 | E10: Holding
B11: TSM | C11: Taiwan Semiconductor (TSMC) | D11: 55 | E11: Holding
B12: MU | C12: Micron Technology | D12: 40 | E12: Holding
B13: HOOD | C13: Robinhood Markets | D13: 80 | E13: Holding
B14: SPY | C14: SPDR S&P 500 ETF | D14: 100 | E14: Benchmark
B16: Note: shares are as provided; dollar weights require per-share prices, which are not in this dataset.

Sheet Tech Portfolio
A1: Date | B1: Value ($) | C1: Daily Return | D1: Running Peak ($) | E1: Drawdown | F1: Indexed (=100) | G1: Month
A2: 44564 | B2: 109967.49 | D2: =MAX($B$2:B2) -> 109967.49 | E2: =B2/D2-1 -> 0 | F2: =B2/$B$2*100 -> 100 | G2: =TEXT(A2,"YYYY-MM") -> 2022-01
A3: 44565 | B3: 108869.5 | C3: =B3/B2-1 -> -0.0099846914 | D3: =MAX($B$2:B3) -> 109967.49 | E3: =B3/D3-1 -> -0.0099846914 | F3: =B3/$B$2*100 -> 99.001531 | G3: =TEXT(A3,"YYYY-MM") -> 2022-01
A4: 44566 | B4: 105395.22 | C4: =B4/B3-1 -> -0.031912328 | D4: =MAX($B$2:B4) -> 109967.49 | E4: =B4/D4-1 -> -0.041578385 | F4: =B4/$B$2*100 -> 95.842162 | G4: =TEXT(A4,"YYYY-MM") -> 2022-01
A5: 44567 | B5: 104818.43 | C5: =B5/B4-1 -> -0.0054726531 | D5: =MAX($B$2:B5) -> 109967.49 | E5: =B5/D5-1 -> -0.046823494 | F5: =B5/$B$2*100 -> 95.317651 | G5: =TEXT(A5,"YYYY-MM") -> 2022-01
A6: 44568 | B6: 103725.47 | C6: =B6/B5-1 -> -0.010427208 | D6: =MAX($B$2:B6) -> 109967.49 | E6: =B6/D6-1 -> -0.056762464 | F6: =B6/$B$2*100 -> 94.323754 | G6: =TEXT(A6,"YYYY-MM") -> 2022-01
A7: 44571 | B7: 104214.14 | C7: =B7/B6-1 -> 0.0047111882 | D7: =MAX($B$2:B7) -> 109967.49 | E7: =B7/D7-1 -> -0.052318694 | F7: =B7/$B$2*100 -> 94.768131 | G7: =TEXT(A7,"YYYY-MM") -> 2022-01
A8: 44572 | B8: 105367.01 | C8: =B8/B7-1 -> 0.01106255 | D8: =MAX($B$2:B8) -> 109967.49 | E8: =B8/D8-1 -> -0.041834922 | F8: =B8/$B$2*100 -> 95.816508 | G8: =TEXT(A8,"YYYY-MM") -> 2022-01
A9: 44573 | B9: 106509.38 | C9: =B9/B8-1 -> 0.010841824 | D9: =MAX($B$2:B9) -> 109967.49 | E9: =B9/D9-1 -> -0.031446665 | F9: =B9/$B$2*100 -> 96.855333 | G9: =TEXT(A9,"YYYY-MM") -> 2022-01
A10: 44574 | B10: 104074.2 | C10: =B10/B9-1 -> -0.022863537 | D10: =MAX($B$2:B10) -> 109967.49 | E10: =B10/D10-1 -> -0.05359122 | F10: =B10/$B$2*100 -> 94.640878 | G10: =TEXT(A10,"YYYY-MM") -> 2022-01
A11: 44575 | B11: 104832.32 | C11: =B11/B10-1 -> 0.0072844104 | D11: =MAX($B$2:B11) -> 109967.49 | E11: =B11/D11-1 -> -0.04669719 | F11: =B11/$B$2*100 -> 95.330281 | G11: =TEXT(A11,"YYYY-MM") -> 2022-01
A12: 44579 | B12: 102433.17 | C12: =B12/B11-1 -> -0.022885643 | D12: =MAX($B$2:B12) -> 109967.49 | E12: =B12/D12-1 -> -0.068514138 | F12: =B12/$B$2*100 -> 93.148586 | G12: =TEXT(A12,"YYYY-MM") -> 2022-01
A13: 44580 | B13: 100833.07 | C13: =B13/B12-1 -> -0.015620905 | D13: =MAX($B$2:B13) -> 109967.49 | E13: =B13/D13-1 -> -0.083064791 | F13: =B13/$B$2*100 -> 91.693521 | G13: =TEXT(A13,"YYYY-MM") -> 2022-01
A14: 44581 | B14: 99611.153 | C14: =B14/B13-1 -> -0.012118192 | D14: =MAX($B$2:B14) -> 109967.49 | E14: =B14/D14-1 -> -0.094176387 | F14: =B14/$B$2*100 -> 90.582361 | G14: =TEXT(A14,"YYYY-MM") -> 2022-01
... A1130: 46209 | B1130: 232446.09 | C1130: =B1130/B1129-1 -> 0.020132594 | D1130: =MAX($B$2:B1130) -> 237469.3 | E1130: =B1130/D1130-1 -> -0.021153095 | F1130: =B1130/$B$2*100 -> 211.37709 | G1130: =TEXT(A1130,"YYYY-MM") -> 2026-07

Sheet S&P 500
A1: Date | B1: Value ($) | C1: Daily Return | D1: Running Peak ($) | E1: Drawdown | F1: Indexed (=100) | G1: Month
A2: 44564 | B2: 44948.645 | D2: =MAX($B$2:B2) -> 44948.645 | E2: =B2/D2-1 -> 0 | F2: =B2/$B$2*100 -> 100 | G2: =TEXT(A2,"YYYY-MM") -> 2022-01
A3: 44565 | B3: 44933.594 | C3: =B3/B2-1 -> -0.0003348548 | D3: =MAX($B$2:B3) -> 44948.645 | E3: =B3/D3-1 -> -0.0003348548 | F3: =B3/$B$2*100 -> 99.966515 | G3: =TEXT(A3,"YYYY-MM") -> 2022-01
A4: 44566 | B4: 44070.764 | C4: =B4/B3-1 -> -0.019202328 | D4: =MAX($B$2:B4) -> 44948.645 | E4: =B4/D4-1 -> -0.019530752 | F4: =B4/$B$2*100 -> 98.046925 | G4: =TEXT(A4,"YYYY-MM") -> 2022-01
A5: 44567 | B5: 44029.361 | C5: =B5/B4-1 -> -0.00093947085 | D5: =MAX($B$2:B5) -> 44948.645 | E5: =B5/D5-1 -> -0.020451875 | F5: =B5/$B$2*100 -> 97.954813 | G5: =TEXT(A5,"YYYY-MM") -> 2022-01
A6: 44568 | B6: 43855.292 | C6: =B6/B5-1 -> -0.0039534804 | D6: =MAX($B$2:B6) -> 44948.645 | E6: =B6/D6-1 -> -0.024324499 | F6: =B6/$B$2*100 -> 97.56755 | G6: =TEXT(A6,"YYYY-MM") -> 2022-01
A7: 44571 | B7: 43800.72 | C7: =B7/B6-1 -> -0.0012443546 | D7: =MAX($B$2:B7) -> 44948.645 | E7: =B7/D7-1 -> -0.025538585 | F7: =B7/$B$2*100 -> 97.446141 | G7: =TEXT(A7,"YYYY-MM") -> 2022-01
A8: 44572 | B8: 44199.68 | C8: =B8/B7-1 -> 0.0091085112 | D8: =MAX($B$2:B8) -> 44948.645 | E8: =B8/D8-1 -> -0.016662693 | F8: =B8/$B$2*100 -> 98.333731 | G8: =TEXT(A8,"YYYY-MM") -> 2022-01
A9: 44573 | B9: 44319.168 | C9: =B9/B8-1 -> 0.0027033799 | D9: =MAX($B$2:B9) -> 44948.645 | E9: =B9/D9-1 -> -0.014004358 | F9: =B9/$B$2*100 -> 98.599564 | G9: =TEXT(A9,"YYYY-MM") -> 2022-01
A10: 44574 | B10: 43708.517 | C10: =B10/B9-1 -> -0.013778477 | D10: =MAX($B$2:B10) -> 44948.645 | E10: =B10/D10-1 -> -0.027589876 | F10: =B10/$B$2*100 -> 97.241012 | G10: =TEXT(A10,"YYYY-MM") -> 2022-01
A11: 44575 | B11: 43726.395 | C11: =B11/B10-1 -> 0.00040900946 | D11: =MAX($B$2:B11) -> 44948.645 | E11: =B11/D11-1 -> -0.027192152 | F11: =B11/$B$2*100 -> 97.280785 | G11: =TEXT(A11,"YYYY-MM") -> 2022-01
A12: 44579 | B12: 42952.017 | C12: =B12/B11-1 -> -0.017709611 | D12: =MAX($B$2:B12) -> 44948.645 | E12: =B12/D12-1 -> -0.0444202 | F12: =B12/$B$2*100 -> 95.55798 | G12: =TEXT(A12,"YYYY-MM") -> 2022-01
A13: 44580 | B13: 42506.021 | C13: =B13/B12-1 -> -0.010383589 | D13: =MAX($B$2:B13) -> 44948.645 | E13: =B13/D13-1 -> -0.054342548 | F13: =B13/$B$2*100 -> 94.565745 | G13: =TEXT(A13,"YYYY-MM") -> 2022-01
A14: 44581 | B14: 42035.559 | C14: =B14/B13-1 -> -0.011068127 | D14: =MAX($B$2:B14) -> 44948.645 | E14: =B14/D14-1 -> -0.064809205 | F14: =B14/$B$2*100 -> 93.51908 | G14: =TEXT(A14,"YYYY-MM") -> 2022-01
... A1130: 46209 | B1130: 75189.471 | C1130: =B1130/B1129-1 -> 0.0095527334 | D1130: =MAX($B$2:B1130) -> 75761.823 | E1130: =B1130/D1130-1 -> -0.0075546107 | F1130: =B1130/$B$2*100 -> 167.27862 | G1130: =TEXT(A1130,"YYYY-MM") -> 2026-07

Sheet Monthly Returns
A1: Month | B1: Tech End ($) | C1: S&P End ($) | D1: Tech Return | E1: S&P Return
A2: 2022-01 | B2: =LOOKUP(2,1/('Tech Portfolio'!$G$2:$G$1130=$A2),'Tech Portfolio'!$B$2:$B$1130) -> 99638.18 | C2: =LOOKUP(2,1/('S&P 500'!$G$2:$G$1130=$A2),'S&P 500'!$B$2:$B$1130) -> 42332.889
A3: 2022-02 | B3: =LOOKUP(2,1/('Tech Portfolio'!$G$2:$G$1130=$A3),'Tech Portfolio'!$B$2:$B$1130) -> 95788.258 | C3: =LOOKUP(2,1/('S&P 500'!$G$2:$G$1130=$A3),'S&P 500'!$B$2:$B$1130) -> 41083.35 | D3: =B3/B2-1 -> -0.038639023 | E3: =C3/C2-1 -> -0.029516984
A4: 2022-03 | B4: =LOOKUP(2,1/('Tech Portfolio'!$G$2:$G$1130=$A4),'Tech Portfolio'!$B$2:$B$1130) -> 101508.22 | C4: =LOOKUP(2,1/('S&P 500'!$G$2:$G$1130=$A4),'S&P 500'!$B$2:$B$1130) -> 42627.689 | D4: =B4/B3-1 -> 0.059714602 | E4: =C4/C3-1 -> 0.037590386
A5: 2022-04 | B5: =LOOKUP(2,1/('Tech Portfolio'!$G$2:$G$1130=$A5),'Tech Portfolio'!$B$2:$B$1130) -> 88762.221 | C5: =LOOKUP(2,1/('S&P 500'!$G$2:$G$1130=$A5),'S&P 500'!$B$2:$B$1130) -> 38886.295 | D5: =B5/B4-1 -> -0.12556614 | E5: =C5/C4-1 -> -0.087769104
A6: 2022-05 | B6: =LOOKUP(2,1/('Tech Portfolio'!$G$2:$G$1130=$A6),'Tech Portfolio'!$B$2:$B$1130) -> 86699.615 | C6: =LOOKUP(2,1/('S&P 500'!$G$2:$G$1130=$A6),'S&P 500'!$B$2:$B$1130) -> 38974.075 | D6: =B6/B5-1 -> -0.023237424 | E6: =C6/C5-1 -> 0.0022573702
A7: 2022-06 | B7: =LOOKUP(2,1/('Tech Portfolio'!$G$2:$G$1130=$A7),'Tech Portfolio'!$B$2:$B$1130) -> 78608.896 | C7: =LOOKUP(2,1/('S&P 500'!$G$2:$G$1130=$A7),'S&P 500'!$B$2:$B$1130) -> 35760.254 | D7: =B7/B6-1 -> -0.093318976 | E7: =C7/C6-1 -> -0.082460492
A8: 2022-07 | B8: =LOOKUP(2,1/('Tech Portfolio'!$G$2:$G$1130=$A8),'Tech Portfolio'!$B$2:$B$1130) -> 89558.258 | C8: =LOOKUP(2,1/('S&P 500'!$G$2:$G$1130=$A8),'S&P 500'!$B$2:$B$1130) -> 39053.329 | D8: =B8/B7-1 -> 0.13928909 | E8: =C8/C7-1 -> 0.092087589
A9: 2022-08 | B9: =LOOKUP(2,1/('Tech Portfolio'!$G$2:$G$1130=$A9),'Tech Portfolio'!$B$2:$B$1130) -> 84859.44 | C9: =LOOKUP(2,1/('S&P 500'!$G$2:$G$1130=$A9),'S&P 500'!$B$2:$B$1130) -> 37459.872 | D9: =B9/B8-1 -> -0.052466606 | E9: =C9/C8-1 -> -0.040802079
A10: 2022-09 | B10: =LOOKUP(2,1/('Tech Portfolio'!$G$2:$G$1130=$A10),'Tech Portfolio'!$B$2:$B$1130) -> 76753.594 | C10: =LOOKUP(2,1/('S&P 500'!$G$2:$G$1130=$A10),'S&P 500'!$B$2:$B$1130) -> 33996.866 | D10: =B10/B9-1 -> -0.095520847 | E10: =C10/C9-1 -> -0.092445766
A11: 2022-10 | B11: =LOOKUP(2,1/('Tech Portfolio'!$G$2:$G$1130=$A11),'Tech Portfolio'!$B$2:$B$1130) -> 78316.853 | C11: =LOOKUP(2,1/('S&P 500'!$G$2:$G$1130=$A11),'S&P 500'!$B$2:$B$1130) -> 36759.973 | D11: =B11/B10-1 -> 0.020367236 | E11: =C11/C10-1 -> 0.081275354
A12: 2022-11 | B12: =LOOKUP(2,1/('Tech Portfolio'!$G$2:$G$1130=$A12),'Tech Portfolio'!$B$2:$B$1130) -> 80808.672 | C12: =LOOKUP(2,1/('S&P 500'!$G$2:$G$1130=$A12),'S&P 500'!$B$2:$B$1130) -> 38803.519 | D12: =B12/B11-1 -> 0.031817155 | E12: =C12/C11-1 -> 0.055591595
A13: 2022-12 | B13: =LOOKUP(2,1/('Tech Portfolio'!$G$2:$G$1130=$A13),'Tech Portfolio'!$B$2:$B$1130) -> 71924.264 | C13: =LOOKUP(2,1/('S&P 500'!$G$2:$G$1130=$A13),'S&P 500'!$B$2:$B$1130) -> 36567.343 | D13: =B13/B12-1 -> -0.10994374 | E13: =C13/C12-1 -> -0.057628164
A14: 2023-01 | B14: =LOOKUP(2,1/('Tech Portfolio'!$G$2:$G$1130=$A14),'Tech Portfolio'!$B$2:$B$1130) -> 80362.072 | C14: =LOOKUP(2,1/('S&P 500'!$G$2:$G$1130=$A14),'S&P 500'!$B$2:$B$1130) -> 38866.962 | D14: =B14/B13-1 -> 0.11731517 | E14: =C14/C13-1 -> 0.062887219
... A56: 2026-07 | B56: =LOOKUP(2,1/('Tech Portfolio'!$G$2:$G$1130=$A56),'Tech Portfolio'!$B$2:$B$1130) -> 232446.09 | C56: =LOOKUP(2,1/('S&P 500'!$G$2:$G$1130=$A56),'S&P 500'!$B$2:$B$1130) -> 75189.471 | D56: =B56/B55-1 -> -0.015098176 | E56: =C56/C55-1 -> 0.0068624807
